method,seed,run_id,run_dir,source_config,code_commit,selected_epoch,checkpoint_sha256,dev_d_uar,dev_d_mf1,dev_d_score,dev_p_uar,dev_p_mf1,dev_p_score,dev_mean_score,epochs_completed,early_stopped,parameter_tensors_shared,parameter_tensors_depression_only,parameter_tensors_parkinson_only,parameter_tensors_row_partitioned,grad_conflict_fraction,grad_cosine_pre,grad_cosine_post,grad_norm_d,grad_norm_p,weight_d,weight_p,runtime_seconds,peak_gpu_memory_mb,test_artifacts,notes
PCGrad,42,stage10a_fix1_pcgrad_r4_seed42_2026-10-06_12-58_wsm_av_r3_disease_query_model_8bc04b52,logs/wsm_mm_pd_dep_v1/stage10a_fix1_pcgrad_r4_seed42_2026-10-06_12-58_wsm_av_r3_disease_query_model_8bc04b52,configs/wsm_mm_pd_dep_v1/mtl_extension/01_pcgrad_seed42.yaml,858efb026bbfb8c5a49469218380ea28fe2bbf5a,16,7d29ff30e0fe3a325b8d06d5d15ce0dfea15a37d93c8b99b4b5fa30b38358486,0.699113,0.698860,0.698987,0.835542,0.856957,0.846249,0.772618,22,true,14,18,18,1,0.454545,0.008775,0.047676,1.763565,1.488407,,,345.564,,none,pre/post shared-trunk norms; selected DEV row
PCGrad,43,stage10a_fix1_pcgrad_r4_seed43_2026-10-06_13-07_wsm_av_r3_disease_query_model_72167e08,logs/wsm_mm_pd_dep_v1/stage10a_fix1_pcgrad_r4_seed43_2026-10-06_13-07_wsm_av_r3_disease_query_model_72167e08,configs/wsm_mm_pd_dep_v1/mtl_extension/02_pcgrad_seed43.yaml,858efb026bbfb8c5a49469218380ea28fe2bbf5a,7,f16d6c9b54c893bc4f69ddc1ae148943a21ab01b907dd097614042974c0dab26,0.704248,0.703233,0.703741,0.832919,0.846219,0.839569,0.771655,13,true,14,18,18,1,0.454545,0.014798,0.113929,4.631876,2.640287,,,190.236,,none,pre/post shared-trunk norms; selected DEV row
PCGrad,44,stage10a_fix1_pcgrad_r4_seed44_2026-10-06_13-11_wsm_av_r3_disease_query_model_aba70071,logs/wsm_mm_pd_dep_v1/stage10a_fix1_pcgrad_r4_seed44_2026-10-06_13-11_wsm_av_r3_disease_query_model_aba70071,configs/wsm_mm_pd_dep_v1/mtl_extension/03_pcgrad_seed44.yaml,858efb026bbfb8c5a49469218380ea28fe2bbf5a,7,63d3fb5ed8ab77f241510bba23e141a13318a6ca0e37769d7787505398e6f396,0.691970,0.691891,0.691931,0.809317,0.831574,0.820445,0.756188,13,true,14,18,18,1,0.484848,0.006349,0.065431,3.969351,2.289870,,,189.894,,none,pre/post shared-trunk norms; selected DEV row
CAGrad,42,stage10a_fix1_cagrad_r4_seed42_2026-10-06_13-15_wsm_av_r3_disease_query_model_663d498d,logs/wsm_mm_pd_dep_v1/stage10a_fix1_cagrad_r4_seed42_2026-10-06_13-15_wsm_av_r3_disease_query_model_663d498d,configs/wsm_mm_pd_dep_v1/mtl_extension/04_cagrad_seed42.yaml,858efb026bbfb8c5a49469218380ea28fe2bbf5a,3,27e5d2d402f6d61830d8762f37c96631b483be561ad373716873fcb35831fa3e,0.706116,0.705641,0.705878,0.806625,0.819444,0.813035,0.759457,9,true,14,18,18,1,0.525253,0.000475,,N/A,N/A,0.328580,0.671420,134.630,,none,adjustment_norm=0.890868; combined_norm=2.708384; mean_norm=2.584189; solver_converged=1
CAGrad,43,stage10a_fix1_cagrad_r4_seed43_2026-10-06_13-18_wsm_av_r3_disease_query_model_0d0e13e9,logs/wsm_mm_pd_dep_v1/stage10a_fix1_cagrad_r4_seed43_2026-10-06_13-18_wsm_av_r3_disease_query_model_0d0e13e9,configs/wsm_mm_pd_dep_v1/mtl_extension/05_cagrad_seed43.yaml,858efb026bbfb8c5a49469218380ea28fe2bbf5a,8,a8879586ef88c6ca0d9cb5c4d97df1b54abecd409a919b6d645b48515263de07,0.707796,0.707439,0.707618,0.816218,0.830236,0.823227,0.765422,14,true,14,18,18,1,0.479798,0.008052,,N/A,N/A,0.388126,0.611874,205.675,,none,adjustment_norm=1.184406; combined_norm=3.172784; mean_norm=3.151503; solver_converged=1
CAGrad,44,stage10a_fix1_cagrad_r4_seed44_2026-10-06_13-22_wsm_av_r3_disease_query_model_24869648,logs/wsm_mm_pd_dep_v1/stage10a_fix1_cagrad_r4_seed44_2026-10-06_13-22_wsm_av_r3_disease_query_model_24869648,configs/wsm_mm_pd_dep_v1/mtl_extension/06_cagrad_seed44.yaml,858efb026bbfb8c5a49469218380ea28fe2bbf5a,7,6fa694b2f8d492f0461a0328b15da765d48c6b0efdc39dc50b60d97d47b89d28,0.694911,0.694508,0.694710,0.823602,0.844861,0.834232,0.764471,13,true,14,18,18,1,0.439394,0.010065,,N/A,N/A,0.275474,0.724526,192.777,,none,adjustment_norm=0.908473; combined_norm=2.590520; mean_norm=2.520959; solver_converged=1
GradNorm,42,stage10a_fix1_gradnorm_r4_seed42_2026-10-06_13-26_wsm_av_r3_disease_query_model_a901fb66,logs/wsm_mm_pd_dep_v1/stage10a_fix1_gradnorm_r4_seed42_2026-10-06_13-26_wsm_av_r3_disease_query_model_a901fb66,configs/wsm_mm_pd_dep_v1/mtl_extension/07_gradnorm_seed42.yaml,858efb026bbfb8c5a49469218380ea28fe2bbf5a,10,a0439abf2d915961bd0ce5c0b49d32fbc83bc53c4aa79776c90905429e97dc54,0.695331,0.695336,0.695334,0.864044,0.879630,0.871837,0.783585,16,true,14,18,18,1,N/A,N/A,N/A,2.851972,2.413785,1.021491,0.978509,235.723,,none,GradNorm norms and weights; selected DEV row
GradNorm,43,stage10a_fix1_gradnorm_r4_seed43_2026-10-06_13-30_wsm_av_r3_disease_query_model_99cacc68,logs/wsm_mm_pd_dep_v1/stage10a_fix1_gradnorm_r4_seed43_2026-10-06_13-30_wsm_av_r3_disease_query_model_99cacc68,configs/wsm_mm_pd_dep_v1/mtl_extension/08_gradnorm_seed43.yaml,858efb026bbfb8c5a49469218380ea28fe2bbf5a,7,23ccc998630935db3ba7a00aceb520214d94a61ce271ad30c8b673203322a257,0.701167,0.700450,0.700808,0.832919,0.846219,0.839569,0.770189,13,true,14,18,18,1,N/A,N/A,N/A,4.713192,2.672934,0.847924,1.152076,192.388,,none,GradNorm norms and weights; selected DEV row
GradNorm,44,stage10a_fix1_gradnorm_r4_seed44_2026-10-06_13-34_wsm_av_r3_disease_query_model_a0af3664,logs/wsm_mm_pd_dep_v1/stage10a_fix1_gradnorm_r4_seed44_2026-10-06_13-34_wsm_av_r3_disease_query_model_a0af3664,configs/wsm_mm_pd_dep_v1/mtl_extension/09_gradnorm_seed44.yaml,858efb026bbfb8c5a49469218380ea28fe2bbf5a,15,5a50a0af3dcf7c53ff7364ca2bf77c25e54498464bfe0d946a018564ccf7e875,0.703315,0.703297,0.703306,0.825673,0.836353,0.831013,0.767159,21,true,14,18,18,1,N/A,N/A,N/A,2.528154,1.704965,1.274562,0.725438,309.523,,none,GradNorm norms and weights; selected DEV row
DB-MTL,42,stage10a_fix1_dbmtl_r4_seed42_2026-10-06_13-40_wsm_av_r3_disease_query_model_a0cd4aaa,logs/wsm_mm_pd_dep_v1/stage10a_fix1_dbmtl_r4_seed42_2026-10-06_13-40_wsm_av_r3_disease_query_model_a0cd4aaa,configs/wsm_mm_pd_dep_v1/mtl_extension/10_dbmtl_seed42.yaml,858efb026bbfb8c5a49469218380ea28fe2bbf5a,4,0c24c9fdfdac09070445fdd4f8dafbf63966478dd3210c4cc07b98fe696745c1,0.719841,0.717404,0.718623,0.818150,0.817404,0.817777,0.768200,10,true,14,18,18,1,0.313131,0.041469,0.093908,3.532724,2.121199,,,145.756,,none,EMA norms; normalized norms D/P=3.647751/3.647751; selected DEV row
DB-MTL,43,stage10a_fix1_dbmtl_r4_seed43_2026-10-06_13-43_wsm_av_r3_disease_query_model_d1192c4a,logs/wsm_mm_pd_dep_v1/stage10a_fix1_dbmtl_r4_seed43_2026-10-06_13-43_wsm_av_r3_disease_query_model_d1192c4a,configs/wsm_mm_pd_dep_v1/mtl_extension/11_dbmtl_seed43.yaml,858efb026bbfb8c5a49469218380ea28fe2bbf5a,7,01a4398d48d5d0b2dea982cb687ee652489b646e186b89befc3e820ea462a8aa,0.714146,0.713666,0.713906,0.772740,0.773379,0.773059,0.743483,13,true,14,18,18,1,0.373737,0.037238,0.107022,1.192614,0.974719,,,189.653,,none,EMA norms; normalized norms D/P=1.270405/1.270405; selected DEV row
DB-MTL,44,stage10a_fix1_dbmtl_r4_seed44_2026-10-06_13-47_wsm_av_r3_disease_query_model_bc747bab,logs/wsm_mm_pd_dep_v1/stage10a_fix1_dbmtl_r4_seed44_2026-10-06_13-47_wsm_av_r3_disease_query_model_bc747bab,configs/wsm_mm_pd_dep_v1/mtl_extension/12_dbmtl_seed44.yaml,858efb026bbfb8c5a49469218380ea28fe2bbf5a,6,ad6af68e768c60e21cb6b0032b86ed7e8191abaa93b58f44a161a2c5c70861b6,0.727918,0.725678,0.726798,0.784886,0.790833,0.787860,0.757329,12,true,14,18,18,1,0.348485,0.030250,0.084364,1.631090,1.068212,,,174.640,,none,EMA norms; normalized norms D/P=1.673461/1.673461; selected DEV row
