method,seed,config,selected_epoch,dev_depression_uar,dev_depression_mf1,dev_depression_score,dev_parkinson_uar,dev_parkinson_mf1,dev_parkinson_score,dev_mean_score,checkpoint_sha256,run_dir,test_artifacts
PCGrad,42,01_pcgrad_seed42.yaml,16,0.700654,0.700482,0.700568,0.826018,0.848247,0.837133,0.768850,08aa920ad8a1e78db53fdd7d2a83e459c761bdf8ee0be2c5bc229cad8106dc2d,logs/wsm_mm_pd_dep_v1/stage10a_pcgrad_r4_seed42_2026-10-06_10-43_wsm_av_r3_disease_query_model_5840f678,none
PCGrad,43,02_pcgrad_seed43.yaml,7,0.704155,0.702898,0.703526,0.828157,0.842014,0.835086,0.769306,1fb350a6215756d838f071da16d608f0019033391f8f121872bac370bb97f1fa,logs/wsm_mm_pd_dep_v1/stage10a_pcgrad_r4_seed43_2026-10-06_10-49_wsm_av_r3_disease_query_model_5c6ed4dc,none
PCGrad,44,03_pcgrad_seed44.yaml,15,0.711064,0.710783,0.710924,0.820773,0.827529,0.824151,0.767537,98a18a79dbdb2be85f33e83508d9324f541286f2109cb40dddcba5f3170b0d5b,logs/wsm_mm_pd_dep_v1/stage10a_pcgrad_r4_seed44_2026-10-06_10-54_wsm_av_r3_disease_query_model_0f4982a7,none
CAGrad,42,04_cagrad_seed42.yaml,3,0.704435,0.703827,0.704131,0.811387,0.823714,0.817551,0.760841,7c72417f0b2d9c46812b573b778941013d15fd95e14814958d43dc64eadb8298,logs/wsm_mm_pd_dep_v1/stage10a_cagrad_r4_seed42_2026-10-06_11-01_wsm_av_r3_disease_query_model_c4995cee,none
CAGrad,43,05_cagrad_seed43.yaml,11,0.714893,0.711924,0.713408,0.811318,0.821476,0.816397,0.764903,56ecc6b3bf614868b8fa9691509b1d8366df825209274e93a183d88dfbb29682,logs/wsm_mm_pd_dep_v1/stage10a_cagrad_r4_seed43_2026-10-06_11-13_wsm_av_r3_disease_query_model_ea467f02,none
CAGrad,44,06_cagrad_seed44.yaml,12,0.695191,0.695118,0.695155,0.830435,0.840512,0.835473,0.765314,681f3a77702dc6de36b0948c60bbdc28dbd14e51d271ffc0f2f7cbc649e9ecca,logs/wsm_mm_pd_dep_v1/stage10a_cagrad_r4_seed44_2026-10-06_11-18_wsm_av_r3_disease_query_model_d0cce8a4,none
GradNorm,42,07_gradnorm_seed42.yaml,15,0.725117,0.724084,0.724600,0.830918,0.857549,0.844233,0.784417,e2c753c39e4fc7da6a03c842a1f3b339e080962fe0d394641ceb4d823b01e353,logs/wsm_mm_pd_dep_v1/stage10a_gradnorm_r4_seed42_2026-10-06_11-24_wsm_av_r3_disease_query_model_2097613c,none
GradNorm,43,08_gradnorm_seed43.yaml,7,0.699580,0.698902,0.699241,0.837681,0.850396,0.844038,0.771640,3f1273bf926d87251c169b21784ddbd4fee59c739f2f2d0f1c70295fbe0778b9,logs/wsm_mm_pd_dep_v1/stage10a_gradnorm_r4_seed43_2026-10-06_11-29_wsm_av_r3_disease_query_model_6b025535,none
GradNorm,44,09_gradnorm_seed44.yaml,15,0.703315,0.703297,0.703306,0.830435,0.840512,0.835473,0.769389,ff4631d1e14a9b23b5454e5f3d6304dc4461e8f1c0ed3cafe39663273e1ce6ea,logs/wsm_mm_pd_dep_v1/stage10a_gradnorm_r4_seed44_2026-10-06_11-33_wsm_av_r3_disease_query_model_60fd7a1b,none
DB-MTL,42,10_dbmtl_seed42.yaml,12,0.752894,0.747744,0.750319,0.840097,0.853720,0.846908,0.798614,2da6b770f5ffc100127e77fb7781609a2c8d233101267e174d93b2548fee28a3,logs/wsm_mm_pd_dep_v1/stage10a_dbmtl_r4_seed42_2026-10-06_11-39_wsm_av_r3_disease_query_model_40614b8e,none
DB-MTL,43,11_dbmtl_seed43.yaml,2,0.736648,0.730197,0.733422,0.711387,0.727104,0.719246,0.726334,f5da2dacbd72c29ff3180a7f2d89581836b2a8066b9ab33c1a533fffe986d59c,logs/wsm_mm_pd_dep_v1/stage10a_dbmtl_r4_seed43_2026-10-06_11-45_wsm_av_r3_disease_query_model_dfd8a636,none
DB-MTL,44,12_dbmtl_seed44.yaml,4,0.663259,0.663275,0.663267,0.850794,0.819321,0.835057,0.749162,1406ec15ef23f4d3099cff0153ac6bdb4190bb4f0b5cabdaf422816c010e613b,logs/wsm_mm_pd_dep_v1/stage10a_dbmtl_r4_seed44_2026-10-06_11-47_wsm_av_r3_disease_query_model_a21a5f28,none
